,ID,Country,CountryCode,Slug,NewConfirmed,TotalConfirmed,NewDeaths,TotalDeaths,NewRecovered,TotalRecovered,Date,Premium
0,fce5c328-a91f-4b94-bc8f-0a5957d5400f,Afghanistan,AF,afghanistan,46,209153,0,7896,0,0,2023-02-22T14:33:47.589Z,{}
1,588772e5-782c-45d6-9ae2-3cc984fa5b10,Albania,AL,albania,1,334315,0,3596,0,0,2023-02-22T14:33:47.589Z,{}
2,f1a749e8-2b49-4403-8d53-11e0c8f0fd53,Algeria,DZ,algeria,1,271426,0,6881,0,0,2023-02-22T14:33:47.589Z,{}
3,0fdbca84-57e1-416c-b5a9-7d3e9d35b91b,Andorra,AD,andorra,0,47866,0,165,0,0,2023-02-22T14:33:47.589Z,{}
4,40e8645f-d03d-4426-b271-be27180ee928,Angola,AO,angola,0,105184,0,1931,0,0,2023-02-22T14:33:47.589Z,{}
5,2fe3363d-2c09-4795-91e0-2a9f765bd56d,Antarctica,AQ,antarctica,0,11,0,0,0,0,2023-02-22T14:33:47.589Z,{}
6,9a26130c-4a92-4dbf-82ad-d89d5ca86fc9,Antigua and Barbuda,AG,antigua-and-barbuda,0,9106,0,146,0,0,2023-02-22T14:33:47.589Z,{}
7,a29bb562-c2de-4d67-a0e0-e717e74d93e9,Argentina,AR,argentina,1172,10043308,10,130458,0,0,2023-02-22T14:33:47.589Z,{}
8,84277c30-a772-49fe-bdb6-314e785f5466,Armenia,AM,armenia,0,446332,0,8719,0,0,2023-02-22T14:33:47.589Z,{}
9,bc95dab0-355f-448e-85f5-35cd77df09c8,Australia,AU,australia,0,11347698,0,19265,0,0,2023-02-22T14:33:47.589Z,{}
10,f2a5d060-2e93-4f0e-9e8b-378caf68b7f2,Austria,AT,austria,2939,5866420,0,21820,0,0,2023-02-22T14:33:47.589Z,{}
11,5f5d6ce8-f1ae-4e01-80bc-3ad6911b8a72,Azerbaijan,AZ,azerbaijan,6,828358,0,10103,0,0,2023-02-22T14:33:47.589Z,{}
12,f79e54cc-2733-4aa0-b97e-83c2c3ed8840,Bahamas,BS,bahamas,0,37491,0,833,0,0,2023-02-22T14:33:47.589Z,{}
13,bce36cf3-a0e1-43f9-85c8-4a454eb0ca59,Bahrain,BH,bahrain,247,704738,0,1548,0,0,2023-02-22T14:33:47.589Z,{}
14,14bf9b2c-efd7-4bde-9e07-223ae5fc9515,Bangladesh,BD,bangladesh,0,2037738,0,29445,0,0,2023-02-22T14:33:47.589Z,{}
15,d2393943-e92e-4120-906b-d32afa803c28,Barbados,BB,barbados,0,106434,0,573,0,0,2023-02-22T14:33:47.589Z,{}
16,519c4aac-c8e9-430e-b109-99de6078d46d,Belarus,BY,belarus,0,994037,0,7118,0,0,2023-02-22T14:33:47.589Z,{}
17,5ff92dcc-e334-47ed-b24f-55b5dd9445ca,Belgium,BE,belgium,0,4708273,0,33663,0,0,2023-02-22T14:33:47.589Z,{}
18,3444862c-2e08-49f6-9649-4718cdbb9ded,Belize,BZ,belize,19,70740,0,688,0,0,2023-02-22T14:33:47.589Z,{}
19,b34dd6e3-c749-4f52-b65a-609421949636,Benin,BJ,benin,0,27990,0,163,0,0,2023-02-22T14:33:47.589Z,{}
20,09569f07-ba8d-4cac-8b3c-9e2a0437eb98,Bhutan,BT,bhutan,0,62611,0,21,0,0,2023-02-22T14:33:47.589Z,{}
21,099082b3-7aa4-428c-a793-8354b8e99ca4,Bolivia,BO,bolivia,312,1192204,3,22362,0,0,2023-02-22T14:33:47.589Z,{}
22,40cca019-8db3-4241-bf7d-e82ef8a5f59a,Bosnia and Herzegovina,BA,bosnia-and-herzegovina,0,401527,0,16267,0,0,2023-02-22T14:33:47.589Z,{}
23,e46c28be-aeed-4eb3-8ac3-91faeb4b11b5,Botswana,BW,botswana,67,329662,0,2801,0,0,2023-02-22T14:33:47.589Z,{}
24,fb2e1dae-2a03-4393-8a20-7355dda783e2,Brazil,BR,brazil,0,36987682,0,698050,0,0,2023-02-22T14:33:47.589Z,{}
25,a21b764e-8012-43de-8043-2a782129712d,Brunei Darussalam,BN,brunei,0,277441,0,225,0,0,2023-02-22T14:33:47.589Z,{}
26,81445360-1c7b-47cb-8439-f98c76dc570d,Bulgaria,BG,bulgaria,99,1296299,2,38206,0,0,2023-02-22T14:33:47.589Z,{}
27,852c81fa-b0a3-44e1-ab13-ecc80ad83662,Burkina Faso,BF,burkina-faso,0,22056,0,396,0,0,2023-02-22T14:33:47.589Z,{}
28,81a7c4dd-3daa-4d72-b883-fe99e3cc7c3e,Burundi,BI,burundi,0,53609,0,38,0,0,2023-02-22T14:33:47.589Z,{}
29,8ec71da4-230c-43d7-8b04-3e65ebd168f4,Cambodia,KH,cambodia,0,138708,0,3056,0,0,2023-02-22T14:33:47.589Z,{}
30,52a593b3-a312-43db-bca1-4a0c140f3725,Cameroon,CM,cameroon,335,124328,0,1965,0,0,2023-02-22T14:33:47.589Z,{}
31,d07f7eef-3a97-4272-997e-a2b078c3d451,Canada,CA,canada,1927,3964953,84,45681,0,0,2023-02-22T14:33:47.589Z,{}
32,ece87880-c72a-42cc-a310-e70653505fe8,Cape Verde,CV,cape-verde,1,63239,0,413,0,0,2023-02-22T14:33:47.589Z,{}
33,15fe9c94-a08b-4d8e-a621-1a58aa98970e,Central African Republic,CF,central-african-republic,0,15368,0,113,0,0,2023-02-22T14:33:47.589Z,{}
34,6af471b9-70c2-4499-a819-335babf270eb,Chad,TD,chad,14,7675,0,194,0,0,2023-02-22T14:33:47.589Z,{}
35,56a325c1-9635-41f5-99ee-478aa78ef195,Chile,CL,chile,1325,5150626,17,64102,0,0,2023-02-22T14:33:47.589Z,{}
36,e8abf912-6b42-4b5b-9fc6-f354a4ea499e,China,CN,china,0,3381705,3,18839,0,0,2023-02-22T14:33:47.589Z,{}
37,14502896-dbfa-4ab1-8f98-be03a233d558,Colombia,CO,colombia,0,6356468,0,142296,0,0,2023-02-22T14:33:47.589Z,{}
38,6335d648-95e9-4644-8d5c-391b3ff42847,Comoros,KM,comoros,0,8997,0,161,0,0,2023-02-22T14:33:47.589Z,{}
39,3a4a0675-3337-466e-8f32-40209f881d0b,Congo (Brazzaville),CG,congo-brazzaville,0,25073,0,388,0,0,2023-02-22T14:33:47.589Z,{}
40,236884ae-aa2c-4c1f-b08d-0208fdaad875,Congo (Kinshasa),CD,congo-kinshasa,0,95646,0,1464,0,0,2023-02-22T14:33:47.589Z,{}
41,384540c6-c55a-4d2a-9970-46e5eb300578,Costa Rica,CR,costa-rica,0,1194584,0,9195,0,0,2023-02-22T14:33:47.589Z,{}
42,407371d2-3773-4a8d-b466-e4ab89c93a4a,Croatia,HR,croatia,9,1268604,5,17950,0,0,2023-02-22T14:33:47.589Z,{}
43,5ebec070-c24b-46d3-8e08-6be40885577e,Cuba,CU,cuba,5,1112553,0,8530,0,0,2023-02-22T14:33:47.589Z,{}
44,10228728-42fd-498c-912b-e09d33d84b96,Cyprus,CY,cyprus,0,647031,0,1297,0,0,2023-02-22T14:33:47.589Z,{}
45,868ab87d-ed82-4db9-99c9-6928643910ce,Czech Republic,CZ,czech-republic,107,4601177,5,42380,0,0,2023-02-22T14:33:47.589Z,{}
46,f3be060b-9668-4429-b1bf-931a419ea2d2,CÃ´te d'Ivoire,CI,cote-divoire,5,88114,0,834,0,0,2023-02-22T14:33:47.589Z,{}
47,8c7c548d-0905-4782-8cb2-868e7692ab16,Denmark,DK,denmark,308,3449055,9,8286,0,0,2023-02-22T14:33:47.589Z,{}
48,daed60f0-d61c-4f46-9061-a3e1678bca58,Djibouti,DJ,djibouti,0,15690,0,189,0,0,2023-02-22T14:33:47.589Z,{}
49,0bdec296-d391-4750-a803-2e8a004ae81f,Dominica,DM,dominica,0,15760,0,74,0,0,2023-02-22T14:33:47.589Z,{}
50,c25c1745-3e2d-4654-a5f2-80bc5f799236,Dominican Republic,DO,dominican-republic,0,660492,0,4384,0,0,2023-02-22T14:33:47.589Z,{}
51,66a70613-73d8-42a2-8a66-e79e68cfe859,Ecuador,EC,ecuador,0,1056578,0,36008,0,0,2023-02-22T14:33:47.589Z,{}
52,53e14725-eb23-4b28-89ad-d61f452aff89,Egypt,EG,egypt,0,515698,0,24809,0,0,2023-02-22T14:33:47.589Z,{}
53,3ddf4dbe-7954-44df-bdc5-5a9a57c91a66,El Salvador,SV,el-salvador,0,201785,0,4230,0,0,2023-02-22T14:33:47.589Z,{}
54,345f241f-180e-470c-bab0-cd5daaa76768,Equatorial Guinea,GQ,equatorial-guinea,8,17222,0,183,0,0,2023-02-22T14:33:47.589Z,{}
55,a074ca39-4b1c-49b6-823b-a1a6e4658af7,Eritrea,ER,eritrea,0,10189,0,103,0,0,2023-02-22T14:33:47.589Z,{}
56,30f25a3b-b967-4537-90df-645ad9498178,Estonia,EE,estonia,0,614548,0,2926,0,0,2023-02-22T14:33:47.589Z,{}
57,b149c2e1-e8db-4fa6-8270-119951dc47ce,Ethiopia,ET,ethiopia,7,499872,0,7572,0,0,2023-02-22T14:33:47.589Z,{}
58,33aa7415-6e8b-447b-b453-dc9801c0fd4d,Fiji,FJ,fiji,0,68876,0,883,0,0,2023-02-22T14:33:47.589Z,{}
59,be096e07-cd2e-4ba5-a0c5-a58904d0de58,Finland,FI,finland,0,1461583,0,8859,0,0,2023-02-22T14:33:47.589Z,{}
60,5a718d82-92a3-4a51-9b77-46d1ffaccbac,France,FR,france,8133,39795116,47,165800,0,0,2023-02-22T14:33:47.589Z,{}
61,c02211e9-87e6-4bfa-9ea8-39bcb9f482ef,Gabon,GA,gabon,0,48981,0,306,0,0,2023-02-22T14:33:47.589Z,{}
62,6131cba4-21a1-4b0d-8938-8bfbb8236575,Gambia,GM,gambia,0,12586,0,372,0,0,2023-02-22T14:33:47.589Z,{}
63,fb4f0c7a-d094-49f4-97cf-2e9d5deb14af,Georgia,GE,georgia,0,1822045,0,16950,0,0,2023-02-22T14:33:47.589Z,{}
64,649fd1a1-de17-4cc5-94be-ea7ba5e020d6,Germany,DE,germany,15997,38018111,86,167387,0,0,2023-02-22T14:33:47.589Z,{}
65,dded7fad-acee-4746-a53a-5d50b422e435,Ghana,GH,ghana,0,171160,0,1462,0,0,2023-02-22T14:33:47.589Z,{}
66,335c9751-c728-4f09-a912-2bb2b6288d22,Greece,GR,greece,0,5548487,0,34779,0,0,2023-02-22T14:33:47.589Z,{}
67,b6be7674-0290-4812-9240-e42cfe820402,Grenada,GD,grenada,0,19680,0,238,0,0,2023-02-22T14:33:47.589Z,{}
68,1ef7b69b-216a-455a-ae8f-a07c2c459e95,Guatemala,GT,guatemala,24,1234069,1,20158,0,0,2023-02-22T14:33:47.589Z,{}
69,6eb9b8cf-f0f9-44cb-aa49-7503129a91e0,Guinea,GN,guinea,0,38267,0,467,0,0,2023-02-22T14:33:47.589Z,{}
70,816066b3-2aa8-4ad1-a124-cded6f72a94a,Guinea-Bissau,GW,guinea-bissau,0,8953,0,176,0,0,2023-02-22T14:33:47.589Z,{}
71,0662ece3-8e8f-4cfe-9a49-4f564ec85070,Guyana,GY,guyana,0,73052,0,1298,0,0,2023-02-22T14:33:47.589Z,{}
72,5d037e19-4c45-44b1-a3fc-72abb336aa6a,Haiti,HT,haiti,0,34143,0,860,0,0,2023-02-22T14:33:47.589Z,{}
73,86fa6ff5-5bf3-45d7-872c-1dd0ae142b4b,Holy See (Vatican City State),VA,holy-see-vatican-city-state,0,29,0,0,0,0,2023-02-22T14:33:47.589Z,{}
74,3ebc9b00-11a1-451e-ae12-1e62e27e3f62,Honduras,HN,honduras,0,471557,0,11109,0,0,2023-02-22T14:33:47.589Z,{}
75,00f41781-fa84-4820-8e4d-8f7ca52ffd71,Hungary,HU,hungary,0,2194102,0,48738,0,0,2023-02-22T14:33:47.589Z,{}
76,245f6445-3443-469e-9462-370cf0f0cc81,Iceland,IS,iceland,0,208921,0,211,0,0,2023-02-22T14:33:47.589Z,{}
77,1f3e2424-943a-468f-9f7e-2410ea045325,India,IN,india,95,44686358,0,530761,0,0,2023-02-22T14:33:47.589Z,{}
78,fbb0a0ed-5ee3-4cfb-9301-000de635545d,Indonesia,ID,indonesia,119,6734334,2,160888,0,0,2023-02-22T14:33:47.589Z,{}
79,716dce66-56c9-434a-b78e-caf33f892efc,"Iran, Islamic Republic of",IR,iran,333,7566803,8,144812,0,0,2023-02-22T14:33:47.589Z,{}
80,72bfa576-af0d-4a3a-a305-d6704cd2a617,Iraq,IQ,iraq,0,2465545,0,25375,0,0,2023-02-22T14:33:47.589Z,{}
81,a3b4e5e8-bb31-47af-87cd-728c0d3545fb,Ireland,IE,ireland,0,1702523,0,8629,0,0,2023-02-22T14:33:47.589Z,{}
82,55b92018-4c94-4494-b27f-786fe88ea7b7,Israel,IL,israel,0,4794287,0,12250,0,0,2023-02-22T14:33:47.589Z,{}
83,b28d2f63-3118-4f01-95f5-8e00239bdcc6,Italy,IT,italy,0,25547414,0,187850,0,0,2023-02-22T14:33:47.589Z,{}
84,633c5b63-f4eb-4573-9d0f-847ebf2c6227,Jamaica,JM,jamaica,0,154065,0,3500,0,0,2023-02-22T14:33:47.589Z,{}
85,83ca7dd3-cb27-4265-9ee4-56ebb4a0939e,Japan,JP,japan,7020,33120094,51,71745,0,0,2023-02-22T14:33:47.589Z,{}
86,e1ef56a5-bcdf-499e-a7e6-58951e1623cc,Jordan,JO,jordan,0,1746997,0,14122,0,0,2023-02-22T14:33:47.589Z,{}
87,b02fb871-fb99-469d-9b19-af4057f2d587,Kazakhstan,KZ,kazakhstan,0,1497449,0,19068,0,0,2023-02-22T14:33:47.589Z,{}
88,d8499cb1-6f67-4a92-964b-f48d1d057cda,Kenya,KE,kenya,0,342874,0,5688,0,0,2023-02-22T14:33:47.589Z,{}
89,1b40fd3c-f620-465c-89cf-2b7a2be57cde,Kiribati,KI,kiribati,0,5012,0,18,0,0,2023-02-22T14:33:47.589Z,{}
90,fe0591a7-5b8e-435c-9b7c-8293e469f2ef,Korea (North),KP,korea-north,0,1,0,6,0,0,2023-02-22T14:33:47.589Z,{}
91,a610ea93-ab1b-4b89-ac53-212dc4628bf9,Korea (South),KR,korea-south,11880,30445775,8,33873,0,0,2023-02-22T14:33:47.589Z,{}
92,4d25c204-dc8c-47d2-b5ab-aa92cc756726,Kuwait,KW,kuwait,0,662858,0,2570,0,0,2023-02-22T14:33:47.589Z,{}
93,fa3c3180-fac7-495f-bc64-47dee64e1bc8,Kyrgyzstan,KG,kyrgyzstan,0,206611,0,2991,0,0,2023-02-22T14:33:47.589Z,{}
94,41af2c10-527a-4d9a-b52c-32ae535c126e,Lao PDR,LA,lao-pdr,3,218012,0,758,0,0,2023-02-22T14:33:47.589Z,{}
95,6690c84e-3c58-4b62-ab1b-ebace9f57ec2,Latvia,LV,latvia,55,975822,0,6255,0,0,2023-02-22T14:33:47.589Z,{}
96,558b8f4c-3ebb-423f-a655-a3a9ec04fc89,Lebanon,LB,lebanon,358,1231040,6,10819,0,0,2023-02-22T14:33:47.589Z,{}
97,aba81da4-40d7-49e6-8bb4-7760f10a6f20,Lesotho,LS,lesotho,0,34790,0,723,0,0,2023-02-22T14:33:47.589Z,{}
98,64771a23-1066-46f2-9a23-e486851b6589,Liberia,LR,liberia,0,8065,0,294,0,0,2023-02-22T14:33:47.589Z,{}
99,0581da49-e416-47ef-a968-24934b93bbe1,Libya,LY,libya,1,507171,0,6437,0,0,2023-02-22T14:33:47.589Z,{}
100,06c3e4ba-d0c8-472d-ae41-9041469bf03a,Liechtenstein,LI,liechtenstein,0,21387,0,89,0,0,2023-02-22T14:33:47.589Z,{}
101,64fd5776-e242-4783-bf12-c6a94da6127f,Lithuania,LT,lithuania,43,1301903,5,9575,0,0,2023-02-22T14:33:47.589Z,{}
102,480a6d4f-2db2-44a7-99d4-62cfa8648d95,Luxembourg,LU,luxembourg,0,315778,0,1214,0,0,2023-02-22T14:33:47.589Z,{}
103,bddd4f1b-fe02-47d1-9477-2ae8c7d9f8d2,"Macedonia, Republic of",MK,macedonia,0,346733,0,9653,0,0,2023-02-22T14:33:47.589Z,{}
104,038809a1-fa88-4ec9-af17-d268fefa0b15,Madagascar,MG,madagascar,0,67852,0,1421,0,0,2023-02-22T14:33:47.589Z,{}
105,c88c4060-b1dc-4de7-aa2e-6583e92105cf,Malawi,MW,malawi,0,88640,0,2686,0,0,2023-02-22T14:33:47.589Z,{}
106,902a0fc0-0bb3-4cdb-9f60-5917345dff6a,Malaysia,MY,malaysia,167,5041174,1,36957,0,0,2023-02-22T14:33:47.589Z,{}
107,d77b28bb-dd7e-4c40-8d50-a71a57b1e3b3,Maldives,MV,maldives,6,185729,0,311,0,0,2023-02-22T14:33:47.589Z,{}
108,b6ae3797-5e94-4f38-923c-109ee21e25f1,Mali,ML,mali,4,32918,0,743,0,0,2023-02-22T14:33:47.589Z,{}
109,95015ef8-64d3-4768-a635-a9e8dd3fa60e,Malta,MT,malta,0,117248,0,826,0,0,2023-02-22T14:33:47.589Z,{}
110,b53eb920-c5ea-4902-b2c1-5809b4bf203b,Marshall Islands,MH,marshall-islands,0,15598,0,17,0,0,2023-02-22T14:33:47.589Z,{}
111,56554a8c-de50-4068-95cc-690a7af28c53,Mauritania,MR,mauritania,0,63667,0,997,0,0,2023-02-22T14:33:47.589Z,{}
112,95eb1bca-4013-40b8-bc96-f763873426e4,Mauritius,MU,mauritius,0,295161,0,1044,0,0,2023-02-22T14:33:47.589Z,{}
113,184c8d81-ae37-429d-b99b-1f945bf1c627,Mexico,MX,mexico,0,7429778,0,332839,0,0,2023-02-22T14:33:47.589Z,{}
114,421043dd-d89b-4659-a06e-2336d7ea31cb,"Micronesia, Federated States of",FM,micronesia,0,23671,0,60,0,0,2023-02-22T14:33:47.589Z,{}
115,14a3a7e4-e84d-45bb-a7a3-d1b7a11dac96,Moldova,MD,moldova,0,600916,0,11964,0,0,2023-02-22T14:33:47.589Z,{}
116,0f2ce53e-7bfa-4a00-92ea-01715207106f,Monaco,MC,monaco,4,16108,0,67,0,0,2023-02-22T14:33:47.589Z,{}
117,803e5c52-2dc7-4999-a2fd-6f1fb911b072,Mongolia,MN,mongolia,0,1007895,0,2136,0,0,2023-02-22T14:33:47.589Z,{}
118,2655f96f-bd73-45a3-a3c3-4362dc7efbe2,Montenegro,ME,montenegro,138,287559,0,2800,0,0,2023-02-22T14:33:47.589Z,{}
119,189befd1-8371-4f58-9e25-729cdb0169e4,Morocco,MA,morocco,3,1272386,0,16296,0,0,2023-02-22T14:33:47.589Z,{}
120,68af3151-3a74-4703-bf27-fbf343c7cf76,Mozambique,MZ,mozambique,279,233098,5,2242,0,0,2023-02-22T14:33:47.589Z,{}
121,239a0c0f-0260-4f31-bec7-ee44607a6258,Myanmar,MM,myanmar,0,633901,0,19490,0,0,2023-02-22T14:33:47.589Z,{}
122,5be7e2d7-74f7-47c9-b0c4-a6ba9bc199da,Namibia,NA,namibia,0,171059,0,4090,0,0,2023-02-22T14:33:47.589Z,{}
123,956e9210-0a60-47d9-a977-85470c0e7b3b,Nauru,NR,nauru,126,5247,0,1,0,0,2023-02-22T14:33:47.589Z,{}
124,025a524c-9443-47da-a82e-9c38f2fd3290,Nepal,NP,nepal,2,1001135,0,12020,0,0,2023-02-22T14:33:47.589Z,{}
125,df11c50b-e649-49f5-b08c-58a676e53cf7,Netherlands,NL,netherlands,0,8589586,0,22990,0,0,2023-02-22T14:33:47.589Z,{}
126,b69c082d-3b52-4f7f-95b9-4a4fd0ebca6c,New Zealand,NZ,new-zealand,2,2215568,0,2536,0,0,2023-02-22T14:33:47.589Z,{}
127,3bac8883-606d-4206-b200-5d17320b8980,Nicaragua,NI,nicaragua,0,15627,0,245,0,0,2023-02-22T14:33:47.589Z,{}
128,7ab7db03-e9c6-4350-95be-018756ac41b8,Niger,NE,niger,0,9508,0,315,0,0,2023-02-22T14:33:47.589Z,{}
129,697249bc-0aa8-48bd-805f-fdc0cb12f1dc,Nigeria,NG,nigeria,0,266463,0,3155,0,0,2023-02-22T14:33:47.589Z,{}
130,60365d21-d382-4dff-be4a-4122c45ba853,Norway,NO,norway,38,1478672,0,5175,0,0,2023-02-22T14:33:47.589Z,{}
131,05f208a8-1622-4bf0-9227-54cdaa2d8203,Oman,OM,oman,0,399449,0,4628,0,0,2023-02-22T14:33:47.589Z,{}
132,7a4b4466-a4a3-441d-a338-03b3b7aa85df,Pakistan,PK,pakistan,32,1576736,0,30641,0,0,2023-02-22T14:33:47.589Z,{}
133,0e0a604d-d09e-439a-bde7-f201efbda8a4,Palau,PW,palau,0,5988,0,9,0,0,2023-02-22T14:33:47.589Z,{}
134,33740133-6166-4216-a408-f7295100d0b7,Palestinian Territory,PS,palestine,0,703228,0,5708,0,0,2023-02-22T14:33:47.589Z,{}
135,c837a052-4301-41e2-b2b6-b260cb62be0a,Panama,PA,panama,0,1030658,0,8600,0,0,2023-02-22T14:33:47.589Z,{}
136,91395eb6-a0b2-4bca-9bef-fe81fbf4f709,Papua New Guinea,PG,papua-new-guinea,0,46792,0,670,0,0,2023-02-22T14:33:47.589Z,{}
137,a048a0bf-1fe5-4baa-a723-eb0048482547,Paraguay,PY,paraguay,0,807453,0,19849,0,0,2023-02-22T14:33:47.589Z,{}
138,76132f07-325a-4dfe-85be-3bd1ef362afa,Peru,PE,peru,159,4484810,19,219351,0,0,2023-02-22T14:33:47.589Z,{}
139,dbb19cd9-74d8-4e5f-9a4e-6416d0b315b9,Philippines,PH,philippines,21,4075545,9,66030,0,0,2023-02-22T14:33:47.589Z,{}
140,06519f0c-fd2d-4107-ac7e-5a40f527437c,Poland,PL,poland,280,6400611,0,118826,0,0,2023-02-22T14:33:47.589Z,{}
141,996a6194-e9f2-49d0-8ec8-6fe3d40bae6e,Portugal,PT,portugal,0,5566708,0,26117,0,0,2023-02-22T14:33:47.589Z,{}
142,2a376855-f0c3-4263-a4ce-19770bcfe338,Qatar,QA,qatar,85,493490,0,686,0,0,2023-02-22T14:33:47.589Z,{}
143,0edcd298-6b95-4e2c-8ab2-bcf861d0d50e,Republic of Kosovo,XK,kosovo,14,272851,0,3206,0,0,2023-02-22T14:33:47.589Z,{}
144,10b476d2-69d3-46bd-a4d7-4e1ac9e86ad5,Romania,RO,romania,4126,3335131,25,67675,0,0,2023-02-22T14:33:47.589Z,{}
145,e0215d7d-1a47-41f5-812a-e28e66fcf8d0,Russian Federation,RU,russia,11969,21867696,29,387861,0,0,2023-02-22T14:33:47.589Z,{}
146,b5fd094a-c459-43ba-8152-53a5cd2ee433,Rwanda,RW,rwanda,0,133170,0,1468,0,0,2023-02-22T14:33:47.589Z,{}
147,a1837e93-6799-435f-b323-af39729f90b2,Saint Kitts and Nevis,KN,saint-kitts-and-nevis,0,6596,0,46,0,0,2023-02-22T14:33:47.589Z,{}
148,32ddf57a-8eab-4ed9-b47e-8612bd6590cf,Saint Lucia,LC,saint-lucia,0,29882,0,409,0,0,2023-02-22T14:33:47.589Z,{}
149,b78ba9a7-d56c-4f87-b59d-1aac8ac44187,Saint Vincent and Grenadines,VC,saint-vincent-and-the-grenadines,0,9589,0,123,0,0,2023-02-22T14:33:47.589Z,{}
150,3631188e-4552-4894-8b81-0e5a9b2e315c,Samoa,WS,samoa,0,16594,0,29,0,0,2023-02-22T14:33:47.589Z,{}
151,be8bd057-5d2f-4c30-9239-7f0ab7041392,San Marino,SM,san-marino,0,23521,0,122,0,0,2023-02-22T14:33:47.589Z,{}
152,464a6517-2126-41f7-be3b-2e82d77e1c72,Sao Tome and Principe,ST,sao-tome-and-principe,0,6280,0,77,0,0,2023-02-22T14:33:47.589Z,{}
153,00675cf1-1e3d-4b30-a9cc-532bc59abcfc,Saudi Arabia,SA,saudi-arabia,66,828983,3,9605,0,0,2023-02-22T14:33:47.589Z,{}
154,e7e83a85-dd00-45cf-ac09-f669e71f3797,Senegal,SN,senegal,0,88910,0,1971,0,0,2023-02-22T14:33:47.589Z,{}
155,63cedfb8-590e-4303-b3d3-eb5379871b7c,Serbia,RS,serbia,970,2485825,8,17779,0,0,2023-02-22T14:33:47.589Z,{}
156,d1edabf0-df93-4649-ad87-292e6340ab54,Seychelles,SC,seychelles,0,50665,0,172,0,0,2023-02-22T14:33:47.589Z,{}
157,f64b3b75-a0f3-47f4-9996-1f9857510adb,Sierra Leone,SL,sierra-leone,0,7760,0,126,0,0,2023-02-22T14:33:47.589Z,{}
158,4085c76e-2c4e-40e1-b1e2-5f1af3a6ec77,Singapore,SG,singapore,0,2222006,0,1722,0,0,2023-02-22T14:33:47.589Z,{}
159,eacfc934-60d9-4710-81a9-9d24a01ed45c,Slovakia,SK,slovakia,16,2663620,3,20999,0,0,2023-02-22T14:33:47.589Z,{}
160,53cdc339-7f5c-4d86-b8bc-eca6f4c57906,Slovenia,SI,slovenia,85,1325590,0,7067,0,0,2023-02-22T14:33:47.589Z,{}
161,58da816c-4c03-46c8-ba12-9c88ff0b097e,Solomon Islands,SB,solomon-islands,0,24575,0,153,0,0,2023-02-22T14:33:47.589Z,{}
162,06ec3dc4-1bf6-42f9-83c8-3fd676355fd5,Somalia,SO,somalia,0,27324,0,1361,0,0,2023-02-22T14:33:47.589Z,{}
163,028c61b3-7733-4661-94a6-16fd62e10b9c,South Africa,ZA,south-africa,736,4061085,0,102595,0,0,2023-02-22T14:33:47.589Z,{}
164,12e7dde7-e150-4a4a-8bd7-0cf630a0cb89,South Sudan,SS,south-sudan,0,18368,0,138,0,0,2023-02-22T14:33:47.589Z,{}
165,10614b4b-6519-45f1-95ae-45c2dd5f9bc1,Spain,ES,spain,0,13755956,0,119186,0,0,2023-02-22T14:33:47.589Z,{}
166,522b2e51-949b-4087-83e2-9347e4fe8f60,Sri Lanka,LK,sri-lanka,1,672022,0,16829,0,0,2023-02-22T14:33:47.589Z,{}
167,e4e89dca-c70e-41db-bf14-166200849c42,Sudan,SD,sudan,0,63775,0,5011,0,0,2023-02-22T14:33:47.589Z,{}
168,9bcc469f-67a2-45c9-b6db-a411eed14430,Suriname,SR,suriname,0,82227,0,1400,0,0,2023-02-22T14:33:47.589Z,{}
169,0d6702c9-490f-4001-9145-751d6d2ce4b4,Swaziland,SZ,swaziland,0,74199,0,1423,0,0,2023-02-22T14:33:47.589Z,{}
170,e1705058-40f6-4cf7-a4b3-7fbe560f704f,Sweden,SE,sweden,0,2697159,0,23634,0,0,2023-02-22T14:33:47.589Z,{}
171,1f75ad43-e7bd-4ca6-a21a-469926a29962,Switzerland,CH,switzerland,0,4409828,1,14203,0,0,2023-02-22T14:33:47.589Z,{}
172,6bb7a32d-7b73-453d-87a9-72ff5a19f764,Syrian Arab Republic (Syria),SY,syria,2,57463,0,3164,0,0,2023-02-22T14:33:47.589Z,{}
173,e1a5e2fa-be1e-4ef8-89e0-7edc2dcb342d,"Taiwan, Republic of China",TW,taiwan,12058,9937216,44,17564,0,0,2023-02-22T14:33:47.589Z,{}
174,74064213-910e-47bd-a769-15a3590fdda3,Tajikistan,TJ,tajikistan,0,17786,0,125,0,0,2023-02-22T14:33:47.589Z,{}
175,aa01a5c1-1702-495f-b5c1-db2eaa9674bd,"Tanzania, United Republic of",TZ,tanzania,0,42775,0,846,0,0,2023-02-22T14:33:47.589Z,{}
176,82ae3171-2dac-443f-aca5-f6870d4dc0f4,Thailand,TH,thailand,0,4727831,0,33902,0,0,2023-02-22T14:33:47.589Z,{}
177,e9ccb9a6-3796-4e3b-9a4e-05981c954219,Timor-Leste,TL,timor-leste,0,23418,0,138,0,0,2023-02-22T14:33:47.589Z,{}
178,dadd4f9f-9d5f-485f-b3e1-ca5c9bf20812,Togo,TG,togo,2,39366,0,290,0,0,2023-02-22T14:33:47.589Z,{}
179,b35fa1c7-6957-4d07-99a7-ff75f08464ef,Tonga,TO,tonga,0,16801,0,13,0,0,2023-02-22T14:33:47.589Z,{}
180,d08a0d22-27cf-4338-8952-82001def19b5,Trinidad and Tobago,TT,trinidad-and-tobago,0,188511,0,4336,0,0,2023-02-22T14:33:47.589Z,{}
181,363864cc-f9f1-46cb-b36b-51a25408292c,Tunisia,TN,tunisia,0,1150606,0,29326,0,0,2023-02-22T14:33:47.589Z,{}
182,feae0028-3d07-44ed-b1d7-a5bb0186ffc2,Turkey,TR,turkey,0,17042722,0,101492,0,0,2023-02-22T14:33:47.589Z,{}
183,0496b65e-d1a4-45aa-9e65-ead7464c7fdf,Tuvalu,TV,tuvalu,0,2805,0,0,0,0,2023-02-22T14:33:47.589Z,{}
184,707eb832-ff0b-4928-9594-3723de8f2202,Uganda,UG,uganda,14,170478,0,3630,0,0,2023-02-22T14:33:47.589Z,{}
185,ae4e0191-783a-443c-b471-9b44356ce2e7,Ukraine,UA,ukraine,107,5693110,1,119143,0,0,2023-02-22T14:33:47.589Z,{}
186,1d5e8c86-28a1-4ff2-b4a4-1049174dd945,United Arab Emirates,AE,united-arab-emirates,83,1051162,0,2349,0,0,2023-02-22T14:33:47.589Z,{}
187,d54c4f13-ef63-4b4b-b142-1665158d90b4,United Kingdom,GB,united-kingdom,0,24574817,0,219177,0,0,2023-02-22T14:33:47.589Z,{}
188,13c200f1-a24f-4a77-b187-07018aee7a90,United States of America,US,united-states,602,103124645,66,1117563,0,0,2023-02-22T14:33:47.589Z,{}
189,d2fd26cc-ea25-425d-8539-18f2efb21a7b,Uruguay,UY,uruguay,280,1034046,0,7617,0,0,2023-02-22T14:33:47.589Z,{}
190,bcc3cb1b-0c4d-4457-96eb-d7a0a6e20000,Uzbekistan,UZ,uzbekistan,0,250873,0,1637,0,0,2023-02-22T14:33:47.589Z,{}
191,470b7a78-b16b-426e-93f3-850e8008e6d9,Vanuatu,VU,vanuatu,0,12014,0,14,0,0,2023-02-22T14:33:47.589Z,{}
192,e2101755-8b49-4f5c-ba5e-aab09d9d9d0a,Venezuela (Bolivarian Republic),VE,venezuela,0,551911,0,5852,0,0,2023-02-22T14:33:47.589Z,{}
193,28b23618-edc8-4b5c-98c1-1e45a127bad8,Viet Nam,VN,vietnam,15,11526825,0,43186,0,0,2023-02-22T14:33:47.589Z,{}
194,3228d0c2-3af6-4f03-9a09-16662fae1d04,Yemen,YE,yemen,0,11945,0,2159,0,0,2023-02-22T14:33:47.589Z,{}
195,65ae79c1-587b-4b64-8269-27db194db131,Zambia,ZM,zambia,407,342724,3,4054,0,0,2023-02-22T14:33:47.589Z,{}
196,52825892-fc25-4b9e-a56f-ee948b9e33a4,Zimbabwe,ZW,zimbabwe,0,263642,0,5662,0,0,2023-02-22T14:33:47.589Z,{}
